{"cameraMode":{"drawMode":0,"name":"Shaded","section":"Shading Mode"},"sceneLighting":false,"audioPlay":false,"sceneViewState":{"showFog":true,"showMaterialUpdate":false,"showSkybox":false,"showFlares":true,"showImageEffects":true,"showParticleSystems":true},"in2DMode":false,"pivot":{"x":-1.3979947566986085,"y":-0.004235602915287018,"z":-4.999999046325684},"rotation":{"x":0.25219982862472536,"y":-0.658045768737793,"z":0.2499619871377945,"w":0.6640183329582214},"size":5.192676067352295,"orthographic":false}