{"cameraMode":{"drawMode":0,"name":"Shaded","section":"Shading Mode"},"sceneLighting":false,"audioPlay":false,"sceneViewState":{"showFog":true,"showMaterialUpdate":false,"showSkybox":false,"showFlares":true,"showImageEffects":true,"showParticleSystems":true},"in2DMode":false,"pivot":{"x":0.00002288818359375,"y":-0.09739792346954346,"z":-10.0},"rotation":{"x":0.25219982862472536,"y":-0.658045768737793,"z":0.2499619871377945,"w":0.6640183329582214},"size":14.142455101013184,"orthographic":false}