{"cameraMode":{"drawMode":0,"name":"Shaded","section":"Shading Mode"},"sceneLighting":false,"audioPlay":false,"sceneViewState":{"showFog":true,"showMaterialUpdate":false,"showSkybox":true,"showFlares":true,"showImageEffects":true,"showParticleSystems":true},"in2DMode":false,"pivot":{"x":-9.839860916137696,"y":5.579802513122559,"z":115.0},"rotation":{"x":0.25219982862472536,"y":-0.658045768737793,"z":0.2499619871377945,"w":0.6640183329582214},"size":23.869413375854493,"orthographic":false}